0_initial	1	100	2
0_initial	3	300	1
1_both_join_inputs	1	100	2
1_both_join_inputs	1	200	1
1_both_join_inputs	2	100	1
1_both_join_inputs	2	200	1
1_both_join_inputs	3	300	1
2_duplicate_union_support	1	100	2
2_duplicate_union_support	1	200	2
2_duplicate_union_support	2	100	1
2_duplicate_union_support	2	200	1
2_duplicate_union_support	3	300	1
3_join_support_retract	1	100	1
3_join_support_retract	1	200	1
3_join_support_retract	2	100	1
3_join_support_retract	2	200	1
3_join_support_retract	3	300	1
4_last_join_support	1	200	1
4_last_join_support	2	100	1
4_last_join_support	2	200	1
4_last_join_support	3	300	1
5_last_union_support	2	100	1
5_last_union_support	2	200	1
5_last_union_support	3	300	1
6_savepoint_rollback	2	100	1
6_savepoint_rollback	2	200	1
6_savepoint_rollback	3	300	1
7_transaction_rollback	2	100	1
7_transaction_rollback	2	200	1
7_transaction_rollback	3	300	1
8_update	2	100	1
8_update	2	300	1
8_update	3	300	1
