0_initial	support	1	2
0_initial	+	1	10
0_initial	delta_count	1	0
1_add_body_c	support	1	3
1_add_body_c	support	2	1
1_add_body_c	+	2	20
1_add_body_c	delta_count	1	0
2_remove_body_b	support	1	2
2_remove_body_b	support	2	1
2_remove_body_b	delta_count	0	0
3_remove_body_c	support	1	1
3_remove_body_c	-	2	20
3_remove_body_c	delta_count	1	0
4_both_inputs	support	1	1
4_both_inputs	support	2	1
4_both_inputs	+	2	21
4_both_inputs	delta_count	1	0
5_rollback	support	1	1
5_rollback	support	2	1
5_rollback	delta_count	0	0
