case	kind	view/index	ordinal	verdict	detail
0_union_filter	full_ddl		0	rejected	Error near line 4: [parse/CREATE] unsupported: a program must start with SELECT | Parse error near line 13: no such table: frontier_p_0_union_filter | Parse error near line 16: no such table: frontier_p_0_union_filter
0_union_filter	ddl	statement0	0	rejected	Error near line 4: [parse/CREATE] unsupported: a program must start with SELECT | Parse error near line 8: no such table: frontier_p_0_union_filter | Parse error near line 11: no such table: frontier_p_0_union_filter
0_union_filter	query	"0_union_filter.FromA_v1"	0	rejected	Error near line 4: [parse/WITH] unsupported: a program must start with SELECT | Parse error near line 8: no such table: frontier_p_0_union_filter | Parse error near line 11: no such table: frontier_p_0_union_filter
0_union_filter	cte_body	"0_union_filter.FromA_v1" "FromA_v1"	0	rejected	Error near line 4: [plan/] unsupported: DISTINCT is set semantics; the union root already dedups | Parse error near line 8: no such table: frontier_p_0_union_filter | Parse error near line 11: no such table: frontier_p_0_union_filter
0_union_filter	outer_arm	"0_union_filter.FromA_v1"	0	rejected	Error near line 4: [parse/] unsupported: a program must start with SELECT | Parse error near line 8: no such table: frontier_p_0_union_filter | Parse error near line 11: no such table: frontier_p_0_union_filter
0_union_filter	ddl	statement1	1	rejected	Error near line 4: [parse/CREATE] unsupported: a program must start with SELECT | Parse error near line 8: no such table: frontier_p_0_union_filter | Parse error near line 11: no such table: frontier_p_0_union_filter
0_union_filter	query	"0_union_filter.Heavy_v2"	1	rejected	Error near line 4: [parse/>] unsupported: character in program SQL | Parse error near line 8: no such table: frontier_p_0_union_filter | Parse error near line 11: no such table: frontier_p_0_union_filter
0_union_filter	cte_body	"0_union_filter.Heavy_v2" "Heavy_v2"	0	rejected	Error near line 4: [parse/>] unsupported: character in program SQL | Parse error near line 8: no such table: frontier_p_0_union_filter | Parse error near line 11: no such table: frontier_p_0_union_filter
0_union_filter	outer_arm	"0_union_filter.Heavy_v2"	0	rejected	Error near line 4: [parse/] unsupported: a program must start with SELECT | Parse error near line 8: no such table: frontier_p_0_union_filter | Parse error near line 11: no such table: frontier_p_0_union_filter
0_union_filter	ddl	statement2	2	rejected	Error near line 4: [parse/CREATE] unsupported: a program must start with SELECT | Parse error near line 8: no such table: frontier_p_0_union_filter | Parse error near line 11: no such table: frontier_p_0_union_filter
0_union_filter	query	"0_union_filter.Shifted_v2"	2	rejected	Error near line 4: [parse/+] unsupported: character in program SQL | Parse error near line 8: no such table: frontier_p_0_union_filter | Parse error near line 11: no such table: frontier_p_0_union_filter
0_union_filter	cte_body	"0_union_filter.Shifted_v2" "Shifted_v2"	0	rejected	Error near line 4: [parse/+] unsupported: character in program SQL | Parse error near line 8: no such table: frontier_p_0_union_filter | Parse error near line 11: no such table: frontier_p_0_union_filter
0_union_filter	outer_arm	"0_union_filter.Shifted_v2"	0	rejected	Error near line 4: [parse/] unsupported: a program must start with SELECT | Parse error near line 8: no such table: frontier_p_0_union_filter | Parse error near line 11: no such table: frontier_p_0_union_filter
0_union_filter	ddl	statement3	3	rejected	Error near line 4: [parse/CREATE] unsupported: a program must start with SELECT | Parse error near line 8: no such table: frontier_p_0_union_filter | Parse error near line 11: no such table: frontier_p_0_union_filter
0_union_filter	query	"0_union_filter.Tagged_v2"	3	rejected	Error near line 4: [parse/>] unsupported: character in program SQL | Parse error near line 8: no such table: frontier_p_0_union_filter | Parse error near line 11: no such table: frontier_p_0_union_filter
0_union_filter	cte_body	"0_union_filter.Tagged_v2" "Heavy_v2"	0	rejected	Error near line 4: [parse/>] unsupported: character in program SQL | Parse error near line 8: no such table: frontier_p_0_union_filter | Parse error near line 11: no such table: frontier_p_0_union_filter
0_union_filter	cte_body	"0_union_filter.Tagged_v2" "Tagged_v2"	1	rejected	Error near line 4: [plan/] unsupported: DISTINCT is set semantics; the union root already dedups | Parse error near line 8: no such table: frontier_p_0_union_filter | Parse error near line 11: no such table: frontier_p_0_union_filter
0_union_filter	outer_arm	"0_union_filter.Tagged_v2"	0	rejected	Error near line 4: [parse/] unsupported: a program must start with SELECT | Parse error near line 8: no such table: frontier_p_0_union_filter | Parse error near line 11: no such table: frontier_p_0_union_filter
0_union_filter	ddl	statement4	4	rejected	Error near line 4: [parse/CREATE] unsupported: a program must start with SELECT | Parse error near line 8: no such table: frontier_p_0_union_filter | Parse error near line 11: no such table: frontier_p_0_union_filter
0_union_filter	query	"0_union_filter.Touched_v1"	4	rejected	Error near line 4: [parse/WITH] unsupported: a program must start with SELECT | Parse error near line 8: no such table: frontier_p_0_union_filter | Parse error near line 11: no such table: frontier_p_0_union_filter
0_union_filter	cte_body	"0_union_filter.Touched_v1" "Touched_v1"	0	rejected	Error near line 4: [plan/] unsupported: DISTINCT is set semantics; the union root already dedups | Parse error near line 8: no such table: frontier_p_0_union_filter | Parse error near line 11: no such table: frontier_p_0_union_filter
0_union_filter	outer_arm	"0_union_filter.Touched_v1"	0	rejected	Error near line 4: [parse/] unsupported: a program must start with SELECT | Parse error near line 8: no such table: frontier_p_0_union_filter | Parse error near line 11: no such table: frontier_p_0_union_filter
0_union_filter	minimal_derived	hand-stripped from "0_union_filter.Edge_a2"	0	accepted-settled	installed as p_0_union_filter; frontier rows after delete: 0, after re-insert: 1
0_union_filter	note	-	-	-	emitted bodies rejected above; minimal hand-stripped body shows engine liveness	-
1_transitive	full_ddl		0	rejected	Error near line 4: [parse/CREATE] unsupported: a program must start with SELECT | Parse error near line 9: no such table: frontier_p_1_transitive | Parse error near line 12: no such table: frontier_p_1_transitive
1_transitive	ddl	statement0	0	rejected	Error near line 4: [parse/CREATE] unsupported: a program must start with SELECT | Parse error near line 8: no such table: frontier_p_1_transitive | Parse error near line 11: no such table: frontier_p_1_transitive
1_transitive	query	"1_transitive.Reach_v2"	0	rejected	Error near line 4: [parse/WITH] unsupported: a program must start with SELECT | Parse error near line 8: no such table: frontier_p_1_transitive | Parse error near line 11: no such table: frontier_p_1_transitive
1_transitive	cte_body	"1_transitive.Reach_v2" "Reach_r2"	0	rejected	Error near line 4: [parse/Some(Number("0"))] unsupported: identifier expected | Parse error near line 8: no such table: frontier_p_1_transitive | Parse error near line 11: no such table: frontier_p_1_transitive
1_transitive	cte_body	"1_transitive.Reach_v2" "Reach_v2"	1	rejected	Error near line 4: [plan/] unsupported: filters are not a supported shape | Parse error near line 8: no such table: frontier_p_1_transitive | Parse error near line 11: no such table: frontier_p_1_transitive
1_transitive	outer_arm	"1_transitive.Reach_v2"	0	rejected	Error near line 4: [parse/] unsupported: a program must start with SELECT | Parse error near line 8: no such table: frontier_p_1_transitive | Parse error near line 11: no such table: frontier_p_1_transitive
1_transitive	minimal_derived	hand-stripped from "1_transitive.Edge_a2"	0	accepted-settled	installed as p_1_transitive; frontier rows after delete: 0, after re-insert: 1
1_transitive	note	-	-	-	emitted bodies rejected above; minimal hand-stripped body shows engine liveness	-
2_partial	-	-	-	no emitted SQL: nothing to probe	-
