vec	keys=2000000	epochs=8	budget=250000	peak_rss_mb=92	wall_s=0.23	spilled_chunks=0	spilled_records=0	fetched_chunks=0
col	keys=2000000	epochs=8	budget=250000	peak_rss_mb=199	wall_s=0.49	spilled_chunks=0	spilled_records=0	fetched_chunks=0
col-file	keys=2000000	epochs=8	budget=250000	peak_rss_mb=162	wall_s=0.68	spilled_chunks=861	spilled_records=6371606	fetched_chunks=605
col-sqlite	keys=2000000	epochs=8	budget=250000	peak_rss_mb=180	wall_s=0.93	spilled_chunks=861	spilled_records=6371606	fetched_chunks=605
vec	keys=8000000	epochs=8	budget=250000	peak_rss_mb=151	wall_s=0.99	spilled_chunks=0	spilled_records=0	fetched_chunks=0
col	keys=8000000	epochs=8	budget=250000	peak_rss_mb=305	wall_s=2.94	spilled_chunks=0	spilled_records=0	fetched_chunks=0
col-file	keys=8000000	epochs=8	budget=250000	peak_rss_mb=172	wall_s=4.31	spilled_chunks=6877	spilled_records=44197590	fetched_chunks=5597
col-sqlite	keys=8000000	epochs=8	budget=250000	peak_rss_mb=214	wall_s=4.81	spilled_chunks=6877	spilled_records=44197590	fetched_chunks=5597
vec-row	keys=2000000	epochs=8	budget=250000	peak_rss_mb=158	wall_s=0.52	spilled_chunks=0	spilled_records=0	fetched_chunks=0
col-row	keys=2000000	epochs=8	budget=250000	peak_rss_mb=341	wall_s=0.91	spilled_chunks=0	spilled_records=0	fetched_chunks=0
col-row-file	keys=2000000	epochs=8	budget=250000	peak_rss_mb=223	wall_s=2.15	spilled_chunks=861	spilled_records=6371609	fetched_chunks=605
col-row-sqlite	keys=2000000	epochs=8	budget=250000	peak_rss_mb=219	wall_s=2.13	spilled_chunks=861	spilled_records=6371609	fetched_chunks=605
vec-row	keys=8000000	epochs=8	budget=250000	peak_rss_mb=323	wall_s=2.89	spilled_chunks=0	spilled_records=0	fetched_chunks=0
col-row	keys=8000000	epochs=8	budget=250000	peak_rss_mb=475	wall_s=4.91	spilled_chunks=0	spilled_records=0	fetched_chunks=0
col-row-file	keys=8000000	epochs=8	budget=250000	peak_rss_mb=289	wall_s=13.69	spilled_chunks=6877	spilled_records=44197593	fetched_chunks=5597
col-row-sqlite	keys=8000000	epochs=8	budget=250000	peak_rss_mb=420	wall_s=11.49	spilled_chunks=6877	spilled_records=44197593	fetched_chunks=5597
vec-row	keys=8000000	epochs=64	budget=250000	peak_rss_mb=109	wall_s=1.60	spilled_chunks=0	spilled_records=0	fetched_chunks=0
col-row	keys=8000000	epochs=64	budget=250000	peak_rss_mb=499	wall_s=2.98	spilled_chunks=0	spilled_records=0	fetched_chunks=0
col-row-file	keys=8000000	epochs=64	budget=250000	peak_rss_mb=307	wall_s=4.53	spilled_chunks=2032	spilled_records=15875000	fetched_chunks=1008
vec-row	keys=32000000	epochs=64	budget=250000	peak_rss_mb=414	wall_s=8.48	spilled_chunks=0	spilled_records=0	fetched_chunks=0
col-row-file	keys=32000000	epochs=64	budget=250000	peak_rss_mb=588	wall_s=30.27	spilled_chunks=20565	spilled_records=133499313	fetched_chunks=15445
