# platform	test	seconds
# written by scripts/timeout-rail-record.sh
Darwin arm64	sqlite-ivm::10_growth::count_sum_delta_work_stays_constant_as_the_group_grows	0.044
Darwin arm64	sqlite-ivm::10_growth::drain_spans_stay_linear_in_changed_rows	0.275
Darwin arm64	sqlite-ivm::10_growth::drain_statement_costs_match_the_pinned_counts	0.201
Darwin arm64	sqlite-ivm::10_growth::group_limit_entries_stay_constant_in_input_multiplicity	0.060
Darwin arm64	sqlite-ivm::10_growth::phase_and_cost_growth_classes_hold	0.615
Darwin arm64	sqlite-ivm::11_intern::dropping_the_view_drops_its_dictionary	0.012
Darwin arm64	sqlite-ivm::11_intern::hashing_the_identity_keeps_one_arrangement_row_per_composite	0.014
Darwin arm64	sqlite-ivm::11_intern::interning_is_injective_and_resolve_round_trips_the_corpus	0.011
Darwin arm64	sqlite-ivm::11_intern::re_interning_adds_no_row_and_moves_no_id	0.011
Darwin arm64	sqlite-ivm::11_intern::source_reads_survive_hash_collisions_and_migrate_copied_inputs	0.050
Darwin arm64	sqlite-ivm::11_intern::the_identity_splits_where_the_key_folds_and_joins_where_unique_would_split	0.013
Darwin arm64	sqlite-ivm::11_intern::the_row_hash_is_the_published_fnv1a_64_vector	0.008
Darwin arm64	sqlite-ivm::12_compass::compass_passes_in_process	0.056
Darwin arm64	sqlite-ivm::12_compass::compass_passes_through_the_cli	0.010
Darwin arm64	sqlite-ivm::13_statements_per_drain::statements_per_drain_do_not_grow_with_the_batch	0.586
Darwin arm64	sqlite-ivm::18_statement_counts::statement_counts_match_pinned	0.551
Darwin arm64	sqlite-ivm::19_source_reads::composite_keys_use_native_cells_and_group_rowids_survive_updates	0.021
Darwin arm64	sqlite-ivm::19_source_reads::distinct_membership_replaces_a_deleted_representative	0.016
Darwin arm64	sqlite-ivm::19_source_reads::format_eight_set_view_rebuilds_membership_on_connect	0.035
Darwin arm64	sqlite-ivm::19_source_reads::join_deltas_probe_sources_and_never_write_input_copies	0.025
Darwin arm64	sqlite-ivm::19_source_reads::maintenance_source_read_costs	0.521
Darwin arm64	sqlite-ivm::19_source_reads::population_reuses_completed_operator_results	0.272
Darwin arm64	sqlite-ivm::19_source_reads::recursive_rules_read_current_union_membership_after_retraction	0.014
Darwin arm64	sqlite-ivm::19_source_reads::set_source_reads_use_indexed_membership_boundaries	0.097
Darwin arm64	sqlite-ivm::19_source_reads::shared_subqueries_keep_statement_text_bounded	0.070
Darwin arm64	sqlite-ivm::19_source_reads::union_membership_applies_both_input_deltas_before_emitting	0.016
Darwin arm64	sqlite-ivm::19_source_reads::union_membership_switches_representative_between_inputs	0.013
Darwin arm64	sqlite-ivm::1_maintenance::columns_used_only_by_filters_are_checked_at_install_and_on_writes	0.022
Darwin arm64	sqlite-ivm::1_maintenance::composite_keys_isolate_partial_matches_and_maintain_moves_on_both_sides	0.040
Darwin arm64	sqlite-ivm::1_maintenance::deterministic_mutations_match_original_join_after_every_statement	0.399
Darwin arm64	sqlite-ivm::1_maintenance::drop_uses_exact_catalog_ownership_and_rejects_missing_or_changed_objects	0.024
Darwin arm64	sqlite-ivm::1_maintenance::failed_drop_restores_objects_metadata_and_caller_transaction	0.020
Darwin arm64	sqlite-ivm::1_maintenance::filters_cover_all_four_update_transitions_from_both_join_sides	0.020
Darwin arm64	sqlite-ivm::1_maintenance::install_failure_rolls_back_created_objects_and_preserves_caller_transaction	0.022
Darwin arm64	sqlite-ivm::1_maintenance::joins_maintain_both_sides_duplicates_moves_conflicts_and_rollback	0.025
Darwin arm64	sqlite-ivm::1_maintenance::managed_drop_preserves_sources_and_other_views_and_rolls_back	0.027
Darwin arm64	sqlite-ivm::1_maintenance::rejected_values_overflow_and_writer_settings_preserve_state	0.014
Darwin arm64	sqlite-ivm::1_maintenance::single_table_filters_boolean_precedence_integer_limits_and_rollback	0.030
Darwin arm64	sqlite-ivm::1_maintenance::single_table_integer_boundaries_and_public_view_are_enforced	0.010
Darwin arm64	sqlite-ivm::2_vtab::catalog_identity_survives_vacuum_and_rename_rejects_modified_hooks	0.024
Darwin arm64	sqlite-ivm::2_vtab::ddl_rename_preserves_state_without_writes_and_drop_preserves_sources	0.030
Darwin arm64	sqlite-ivm::2_vtab::ddl_rename_rollback_savepoints_and_failure_restore_usable_names	0.041
Darwin arm64	sqlite-ivm::2_vtab::defensive_shadow_protection_allows_source_dml_and_native_lifecycle	0.019
Darwin arm64	sqlite-ivm::2_vtab::indexed_cursors_preserve_output_order_affinity_and_simultaneous_reads	0.014
Darwin arm64	sqlite-ivm::3_relational::comma_joins_take_equality_keys_from_where	0.014
Darwin arm64	sqlite-ivm::3_relational::count_sum_delta_and_recompute_paths_match_sqlite	0.077
Darwin arm64	sqlite-ivm::3_relational::deterministic_relational_mutations_and_type_contract	0.209
Darwin arm64	sqlite-ivm::3_relational::global_empty_aggregates_and_source_ddl	0.032
Darwin arm64	sqlite-ivm::3_relational::ignored_and_replaced_source_updates_preserve_arrangements	0.013
Darwin arm64	sqlite-ivm::3_relational::narrow_source_column_order_changes_are_transactional	0.026
Darwin arm64	sqlite-ivm::3_relational::null_recursive_keys_weighted_overflow_and_aggregate_exists	0.017
Darwin arm64	sqlite-ivm::3_relational::nullable_text_composite_groups_outer_join_and_rollback	0.018
Darwin arm64	sqlite-ivm::3_relational::recursive_shapes_bind_to_one_fixpoint_node_or_name_their_rejection	0.013
Darwin arm64	sqlite-ivm::3_relational::relational_group_locality_and_ddl_preserve_btrees	0.016
Darwin arm64	sqlite-ivm::3_relational::shared_circuit_states	0.185
Darwin arm64	sqlite-ivm::3_relational::signed_join_deltas_match_bags_when_both_sides_change	0.018
Darwin arm64	sqlite-ivm::3_relational::unsupported_clause_combinations_fail_before_install	0.008
Darwin arm64	sqlite-ivm::4_features::blobs_and_adjacent_floats_survive_trigger_transport	0.027
Darwin arm64	sqlite-ivm::4_features::collations_control_group_distinct_join_and_outer_predicates	0.050
Darwin arm64	sqlite-ivm::4_features::comma_join_star_predicate_matches_plain_query	0.068
Darwin arm64	sqlite-ivm::4_features::comma_joins_keep_no_persistent_input_rows	0.030
Darwin arm64	sqlite-ivm::4_features::feature_compositions_against_sqlite	1.175
Darwin arm64	sqlite-ivm::4_features::materialized_output_affinity_matches_ordinary_view_consumers	0.016
Darwin arm64	sqlite-ivm::4_features::parenthesized_join_scopes_and_nonrecursive_union_cte	0.021
Darwin arm64	sqlite-ivm::4_features::recursion_statement_count_is_linear_in_new_closure_rows	10.164
Darwin arm64	sqlite-ivm::4_features::recursive_delete_preserves_alternate_null_support_and_collated_roots	0.015
Darwin arm64	sqlite-ivm::4_features::row1_binary_closure_with_cycles	0.028
Darwin arm64	sqlite-ivm::4_features::row2_parity_over_roots	0.028
Darwin arm64	sqlite-ivm::4_features::row3_filtered_step_with_two_joins_and_distinct	0.050
Darwin arm64	sqlite-ivm::4_features::row4_min_distance_aggregate_after_bounded_recursion	0.026
Darwin arm64	sqlite-ivm::4_features::row5_antijoin_and_exists_after_recursion	0.042
Darwin arm64	sqlite-ivm::4_features::row6_sequential_fixpoints_and_two_step_rules	0.049
Darwin arm64	sqlite-ivm::4_features::rows7_and_8_named_rejections_leave_no_state	0.014
Darwin arm64	sqlite-ivm::5_transactions::cascades_generated_values_and_user_trigger_writes_compose	0.027
Darwin arm64	sqlite-ivm::5_transactions::deterministic_registered_scalars_and_rejected_volatile_functions	0.015
Darwin arm64	sqlite-ivm::5_transactions::nullable_sum_support_survives_failure_snapshots_and_reopen	0.026
Darwin arm64	sqlite-ivm::5_transactions::recursive_member_tables_follow_savepoints_and_rollback	0.018
Darwin arm64	sqlite-ivm::5_transactions::wal_snapshots_writer_contention_and_failed_maintenance_are_atomic	0.028
Darwin arm64	sqlite-ivm::7_key_agreement::identity_round_trips_the_corpus	0.014
Darwin arm64	sqlite-ivm::7_key_agreement::json_subtype_group_key_agrees_between_bulk_and_incremental_paths	0.014
Darwin arm64	sqlite-ivm::7_key_agreement::native_group_key_matches_sqlite_value_equality	0.027
Darwin arm64	sqlite-ivm::8_group_limit::group_limit_matches_plain_sql_across_multiplicity_limit_and_offset	1.393
Darwin arm64	sqlite-ivm::8_group_limit::window_with_limit_reads_every_copy	0.126
Darwin arm64	sqlite-ivm::9_fixpoint_retraction::fixpoint_retraction_emits_the_stored_representative	0.026
Darwin arm64	sqlite-ivm::9_fixpoint_retraction::format_nine_fixpoint_members_rebuild_on_connect	0.043
Darwin arm64	sqlite-ivm::9_fixpoint_retraction::unused_recursive_projection_does_not_leak_into_reused_output	0.019
Darwin arm64	sqlite-ivm::statements::tests::preparation_and_execution_report_success_and_failure_separately	0.008
Darwin arm64	BATTERY	10.489
